﻿<parameters>
  <parameter name="IIS Web Application Name" defaultValue="website" tags="IisApp">
    <parameterEntry kind="ProviderPath" scope="IisApp" match="^E:\\saurav_web\\saurav\\TIIT\\TIIT\\TIIT\\obj\\Release\\Package\\PackageTmp$" />
    <parameterEntry kind="ProviderPath" scope="setAcl" match="^E:\\saurav_web\\saurav\\TIIT\\TIIT\\TIIT\\obj\\Release\\Package\\PackageTmp$" />
  </parameter>
  <parameter name="Add write permission to App_Data Folder" description="Add write permission to App_Data folder" defaultValue="{IIS Web Application Name}/App_Data" tags="Hidden">
    <parameterEntry kind="ProviderPath" scope="setAcl" match="^E:\\saurav_web\\saurav\\TIIT\\TIIT\\TIIT\\obj\\Release\\Package\\PackageTmp\\App_Data$" />
  </parameter>
  <parameter name="con-Web.config Connection String" description="con Connection String used in web.config by the application to access the database." defaultValue="Data Source=(LocalDB)\v11.0;AttachDbFilename=E:\saurav_web\saurav\TIIT\TIIT\TIIT\App_Data\TIIT_Loc.mdf;Integrated Security=True" tags="SqlConnectionString">
    <parameterEntry kind="XmlFile" scope="E:\\saurav_web\\saurav\\TIIT\\TIIT\\TIIT\\obj\\Release\\Package\\PackageTmp\\Web\.config$" match="/configuration/connectionStrings/add[@name='con']/@connectionString" />
  </parameter>
</parameters>